Workbook
Name DateDebut: 'Tableau de bord'!$C$13
Name DateFin: 'Tableau de bord'!$E$13
Name LastArchive: 'Tableau de bord'!$C$21
Name LastExtract: 'Tableau de bord'!$C$20
Name ListeDossiers: _Listes!$A$2:$A$301
Name MoisSel: 'Tableau de bord'!$C$10

Sheet Tableau de bord
B2: Suivi de temps
B3: Tableau de bord — Import Outlook vers Excel
B5: ACTIONS
D7: Scanne Outlook pour le mois en cours et injecte dans 'Extraction de temps'
D9: Choisir le mois ci-dessous, puis cliquer sur le bouton
B10: Mois : | C10: 2026-07
D12: Saisir Date début et Date fin (incluses) ; pas d'archivage dans ce mode
B13: Date début : | C13: 46113 | D13: Date fin : | E13: 46142
D15: Copie les totaux mensuels vers la feuille d'archive ; confirmation si déjà présent
B18: INFORMATIONS
B20: Dernière extraction : | C20: n/a
B21: Dernier archivage : | C21: n/a
B22: Nombre de dossiers : | C22: =COUNTA('Temps par mois'!D2:D5118)
B24: AIDE RAPIDE
B26: 1. Calcul du mois courant : scan Outlook du mois en cours, génération des heures par dossier.
B27: 2. Calcul d'un mois sélectionné : choisir le mois (format 'AAAA NomMois'), puis cliquer.
B28: 3. Calcul entre deux dates : saisir Date début + Date fin (incluses), puis cliquer. Pas d'archivage dans ce mode.
B29: 4. Archiver : copie le cumul mensuel vers 'Temps par mois' ; demande confirmation si déjà présent.
B30: 5. Dossier inconnu : si un RDV Outlook n'a pas de tag, modTagProjet (Outlook) propose de créer le dossier.
B31: 6. Événements 24h avec tag → comptés pour 8h ; sans tag → ignorés. Événements privés → toujours ignorés.

Sheet Temps par mois
A1: Opportunité | B1: Contrat | C1: DV | D1: Acronyme DV | E1: Partenaire | F1: nov. 2025 | G1: déc. 2025 | H1: janv. 2026 | I1: févr. 2026 | J1: mars 2026 | K1: avr. 2026 | L1: mai 2026 | M1: juin 2026 | N1: juil. 2026 | O1: août 2026 | P1: Total
B2: 2024_00001 | C2: 1001 | D2: ACME Coating | E2: Acme Industries | H2: 0.25 | I2: 0.5 | J2: 0.25 | P2: =SUM(F2:O2)
B3: 2025_00002 | C3: 1002 | D3: Demo Sensor | E3: Demo Systems SAS | I3: 1 | J3: 0.75 | P3: =SUM(F3:O3)

Sheet Extraction de temps
A1: Mois : | B1: 2026-01 | D1: Injection : | E1: n/a
A2: Opportunite | B2: Contrat | C2: DV | D2: Dossier | E2: Partenaire | F2: Temps | G2: 01/07 | H2: 02/07 | I2: 03/07 | J2: 06/07 | K2: 07/07 | L2: 08/07 | M2: 09/07 | N2: 10/07 | O2: 13/07 | P2: 14/07 | Q2: 15/07 | R2: 16/07 | S2: 17/07 | T2: 20/07 | U2: 21/07 | V2: 22/07 | W2: 23/07 | X2: 24/07 | Y2: 27/07 | Z2: 28/07 | AA2: 29/07 | AB2: 30/07 | AC2: 31/07
B3: 2024_00001 | C3: 1001 | E3: Acme Industries | F3: =SUM(G3:AC3) | H3: 1 | K3: 1.5 | L3: 2
B4: 2025_00002 | C4: 1002 | E4: Demo Systems SAS | F4: =SUM(G4:AC4) | G4: 0.5 | O4: 1 | S4: 2

Sheet Données
A1: Durée
A2: 0.25
A3: 0.5
A4: 0.75
A5: 1
A6: 1.5
A7: 2
A8: 2.5
A9: 3
A10: 3.5
A11: 4
A12: 4.5
A13: 5
... A23: 16

Sheet Graphiques
A1: Suivi statistique du temps
A3: Indicateur | B3: ='Temps par mois'!F1 -> nov. 2025 | C3: ='Temps par mois'!G1 -> déc. 2025 | D3: ='Temps par mois'!H1 -> janv. 2026 | E3: ='Temps par mois'!I1 -> févr. 2026 | F3: ='Temps par mois'!J1 -> mars 2026 | G3: ='Temps par mois'!K1 -> avr. 2026 | H3: ='Temps par mois'!L1 -> mai 2026 | I3: ='Temps par mois'!M1 -> juin 2026 | J3: ='Temps par mois'!N1 -> juil. 2026
A4: ='Temps par mois'!A301 -> 0 | B4: ='Temps par mois'!F301 -> 0 | C4: ='Temps par mois'!G301 -> 0 | D4: ='Temps par mois'!H301 -> 0 | E4: ='Temps par mois'!I301 -> 0 | F4: ='Temps par mois'!J301 -> 0 | G4: ='Temps par mois'!K301 -> 0 | H4: ='Temps par mois'!L301 -> 0 | I4: ='Temps par mois'!M301 -> 0 | J4: ='Temps par mois'!N301 -> 0
A5: ='Temps par mois'!A302 -> Temps total | B5: ='Temps par mois'!F302 -> 59.25 | C5: ='Temps par mois'!G302 -> 69 | D5: ='Temps par mois'!H302 -> 120 | E5: ='Temps par mois'!I302 -> 120 | F5: ='Temps par mois'!J302 -> 120 | G5: ='Temps par mois'!K302 -> 182.5 | H5: ='Temps par mois'!L302 -> 110.5 | I5: ='Temps par mois'!M302 -> 167.5 | J5: ='Temps par mois'!N302 -> 136
A6: =TRIM('Temps par mois'!A303) -> Nombre de dossiers | B6: ='Temps par mois'!F303 -> 17 | C6: ='Temps par mois'!G303 -> 24 | D6: ='Temps par mois'!H303 -> 52 | E6: ='Temps par mois'!I303 -> 52 | F6: ='Temps par mois'!J303 -> 52 | G6: ='Temps par mois'!K303 -> 44 | H6: ='Temps par mois'!L303 -> 31 | I6: ='Temps par mois'!M303 -> 42 | J6: ='Temps par mois'!N303 -> 44
A7: =TRIM('Temps par mois'!A304) -> Opérations commerciales et support | B7: ='Temps par mois'!F304 -> 9 | C7: ='Temps par mois'!G304 -> 9.5 | D7: ='Temps par mois'!H304 -> 19.75 | E7: ='Temps par mois'!I304 -> 19.75 | F7: ='Temps par mois'!J304 -> 19.75 | G7: ='Temps par mois'!K304 -> 27 | H7: ='Temps par mois'!L304 -> 11 | I7: ='Temps par mois'!M304 -> 46 | J7: ='Temps par mois'!N304 -> 72.5
A8: =TRIM('Temps par mois'!A305) -> Opportunité CRM | B8: ='Temps par mois'!F305 -> 33.5 | C8: ='Temps par mois'!G305 -> 32 | D8: ='Temps par mois'!H305 -> 21.25 | E8: ='Temps par mois'!I305 -> 21.25 | F8: ='Temps par mois'!J305 -> 21.25 | G8: ='Temps par mois'!K305 -> 55.5 | H8: ='Temps par mois'!L305 -> 29 | I8: ='Temps par mois'!M305 -> 29.5 | J8: ='Temps par mois'!N305 -> 21
A9: =TRIM('Temps par mois'!A306) -> Contrat sans DV | B9: ='Temps par mois'!F306 -> 2 | C9: ='Temps par mois'!G306 -> 7 | D9: ='Temps par mois'!H306 -> 6.25 | E9: ='Temps par mois'!I306 -> 6.25 | F9: ='Temps par mois'!J306 -> 6.25 | G9: ='Temps par mois'!K306 -> 2.5 | H9: ='Temps par mois'!L306 -> 1 | I9: ='Temps par mois'!M306 -> 4 | J9: ='Temps par mois'!N306 -> 0
A10: =TRIM('Temps par mois'!A307) -> dont programme X | B10: ='Temps par mois'!F307 -> 14.75 | C10: ='Temps par mois'!G307 -> 16.5 | D10: ='Temps par mois'!H307 -> 26.25 | E10: ='Temps par mois'!I307 -> 26.25 | F10: ='Temps par mois'!J307 -> 26.25 | G10: ='Temps par mois'!K307 -> 26.5 | H10: ='Temps par mois'!L307 -> 25 | I10: ='Temps par mois'!M307 -> 11 | J10: ='Temps par mois'!N307 -> 9
A11: =TRIM('Temps par mois'!A308) -> Autres tâches | B11: ='Temps par mois'!F308 -> 0 | C11: ='Temps par mois'!G308 -> 4 | D11: ='Temps par mois'!H308 -> 43.25 | E11: ='Temps par mois'!I308 -> 43.25 | F11: ='Temps par mois'!J308 -> 43.25 | G11: ='Temps par mois'!K308 -> 40.5 | H11: ='Temps par mois'!L308 -> 23 | I11: ='Temps par mois'!M308 -> 46 | J11: ='Temps par mois'!N308 -> 24
A12: =TRIM('Temps par mois'!A309) -> Temps non affecté | B12: ='Temps par mois'!F309 -> 0 | C12: ='Temps par mois'!G309 -> 0 | D12: ='Temps par mois'!H309 -> 0 | E12: ='Temps par mois'!I309 -> 0 | F12: ='Temps par mois'!J309 -> 0 | G12: ='Temps par mois'!K309 -> 29.5 | H12: ='Temps par mois'!L309 -> 8 | I12: ='Temps par mois'!M309 -> 21.5 | J12: ='Temps par mois'!N309 -> 4.5
A13: Date du mois (référence calcul) | B13: =DATE(2025,11,1) -> 45962 | C13: =EDATE(B13,1) -> 45992 | D13: =EDATE(C13,1) -> 46023 | E13: =EDATE(D13,1) -> 46054 | F13: =EDATE(E13,1) -> 46082 | G13: =EDATE(F13,1) -> 46113 | H13: =EDATE(G13,1) -> 46143 | I13: =EDATE(H13,1) -> 46174 | J13: =EDATE(I13,1) -> 46204
A14: Heures / semaine (moy.) | B14: =B4/(DAY(EOMONTH(B13,0))/7) -> 0 | C14: =C4/(DAY(EOMONTH(C13,0))/7) -> 0 | D14: =D4/(DAY(EOMONTH(D13,0))/7) -> 0 | E14: =E4/(DAY(EOMONTH(E13,0))/7) -> 0 | F14: =F4/(DAY(EOMONTH(F13,0))/7) -> 0 | G14: =G4/(DAY(EOMONTH(G13,0))/7) -> 0 | H14: =H4/(DAY(EOMONTH(H13,0))/7) -> 0 | I14: =I4/(DAY(EOMONTH(I13,0))/7) -> 0 | J14: =J4/(DAY(EOMONTH(J13,0))/7) -> 0
A15: Répartition du temps - année 2026
A16: Catégorie | B16: Heures (2026)
A17: =A6 -> Nombre de dossiers | B17: =SUM($D6:$J6) -> 317
A18: =A7 -> Opérations commerciales et support | B18: =SUM($D7:$J7) -> 215.75
A19: =A8 -> Opportunité CRM | B19: =SUM($D8:$J8) -> 198.75
A20: =A9 -> Contrat sans DV | B20: =SUM($D9:$J9) -> 26.25
A21: =A10 -> dont programme X | B21: =SUM($D10:$J10) -> 150.25
A22: =A11 -> Autres tâches | B22: =SUM($D11:$J11) -> 263.25
A23: =A12 -> Temps non affecté | B23: =SUM($D12:$J12) -> 63.5
A54: Source graphique détail (mois en en-tête)
B55: =B3 -> nov. 2025 | C55: =C3 -> déc. 2025 | D55: =D3 -> janv. 2026 | E55: =E3 -> févr. 2026 | F55: =F3 -> mars 2026 | G55: =G3 -> avr. 2026 | H55: =H3 -> mai 2026 | I55: =I3 -> juin 2026 | J55: =J3 -> juil. 2026
A56: =A6 -> Nombre de dossiers | B56: =B6 -> 17 | C56: =C6 -> 24 | D56: =D6 -> 52 | E56: =E6 -> 52 | F56: =F6 -> 52 | G56: =G6 -> 44 | H56: =H6 -> 31 | ... J56: =J6 -> 44
A57: =A7 -> Opérations commerciales et support | B57: =B7 -> 9 | C57: =C7 -> 9.5 | D57: =D7 -> 19.75 | E57: =E7 -> 19.75 | F57: =F7 -> 19.75 | G57: =G7 -> 27 | H57: =H7 -> 11 | ... J57: =J7 -> 72.5
A58: =A8 -> Opportunité CRM | B58: =B8 -> 33.5 | C58: =C8 -> 32 | D58: =D8 -> 21.25 | E58: =E8 -> 21.25 | F58: =F8 -> 21.25 | G58: =G8 -> 55.5 | H58: =H8 -> 29 | ... J58: =J8 -> 21
A59: =A9 -> Contrat sans DV | B59: =B9 -> 2 | C59: =C9 -> 7 | D59: =D9 -> 6.25 | E59: =E9 -> 6.25 | F59: =F9 -> 6.25 | G59: =G9 -> 2.5 | H59: =H9 -> 1 | ... J59: =J9 -> 0
A60: =A10 -> dont programme X | B60: =B10 -> 14.75 | C60: =C10 -> 16.5 | D60: =D10 -> 26.25 | E60: =E10 -> 26.25 | F60: =F10 -> 26.25 | G60: =G10 -> 26.5 | H60: =H10 -> 25 | ... J60: =J10 -> 9
A61: =A11 -> Autres tâches | B61: =B11 -> 0 | C61: =C11 -> 4 | D61: =D11 -> 43.25 | E61: =E11 -> 43.25 | F61: =F11 -> 43.25 | G61: =G11 -> 40.5 | H61: =H11 -> 23 | ... J61: =J11 -> 24
A62: =A12 -> Temps non affecté | B62: =B12 -> 0 | C62: =C12 -> 0 | D62: =D12 -> 0 | E62: =E12 -> 0 | F62: =F12 -> 0 | G62: =G12 -> 29.5 | H62: =H12 -> 8 | ... J62: =J12 -> 4.5

Sheet _Listes
A1: --- liste generee automatiquement, ne pas editer ---
A2: (Creer nouveau dossier)
